occupation_name_bls,bls_outlook,bls_url
21 Dealer,Little or no change,https://www.bls.gov/ooh/personal-care-and-service/gaming-services-occupations.htm
3D Animator,Slower than average,https://www.bls.gov/ooh/arts-and-design/multimedia-artists-and-animators.htm
3rd Grade Reading Teacher,,https://www.bls.gov/ooh/education-training-and-library/kindergarten-and-elementary-school-teachers.htm
911 Dispatcher,,https://www.bls.gov/ooh/office-and-administrative-support/police-fire-and-ambulance-dispatchers.htm
A&P Mechanic,Faster than average,https://www.bls.gov/ooh/installation-maintenance-and-repair/aircraft-and-avionics-equipment-mechanics-and-technicians.htm
Able Seaman,Slower than average,https://www.bls.gov/ooh/transportation-and-material-moving/water-transportation-occupations.htm
Absorption and Adsorption Engineer,,https://www.bls.gov/ooh/architecture-and-engineering/chemical-engineers.htm
AC/DC Rewinder,Little or no change,https://www.bls.gov/ooh/installation-maintenance-and-repair/electrical-and-electronics-installers-and-repairers.htm
Accompanist,Slower than average,https://www.bls.gov/ooh/entertainment-and-sports/musicians-and-singers.htm
Accountant,Faster than average,https://www.bls.gov/ooh/business-and-financial/accountants-and-auditors.htm
Accounting Professor,Faster than average,https://www.bls.gov/ooh/education-training-and-library/postsecondary-teachers.htm
Accounts Collector,,https://www.bls.gov/ooh/office-and-administrative-support/bill-and-account-collectors.htm
Accounts Receivable Assistant,,https://www.bls.gov/ooh/office-and-administrative-support/bookkeeping-accounting-and-auditing-clerks.htm
Accredited Legal Secretary,Little or no change,https://www.bls.gov/ooh/office-and-administrative-support/secretaries-and-administrative-assistants.htm
Acoustical Ceiling Installer,,https://www.bls.gov/ooh/construction-and-extraction/drywall-and-ceiling-tile-installers-and-tapers.htm
Acquisitions Librarian,Slower than average,https://www.bls.gov/ooh/education-training-and-library/librarians.htm
Activities Concierge,Slower than average,https://www.bls.gov/ooh/personal-care-and-service/concierges.htm
Actors,Little or no change,https://www.bls.gov/ooh/entertainment-and-sports/actors.htm
Actuarial Associate,Faster than average,https://www.bls.gov/ooh/math/actuaries.htm
Acute Care Nurse Practitioner,Faster than average,https://www.bls.gov/ooh/healthcare/nurse-anesthetists-nurse-midwives-and-nurse-practitioners.htm
Addiction Counselor,Faster than average,https://www.bls.gov/ooh/community-and-social-service/substance-abuse-behavioral-disorder-and-mental-health-counselors.htm
Addiction Psychiatrist,,https://www.bls.gov/ooh/healthcare/physicians-and-surgeons.htm
Addictions Counselor Assistant,Faster than average,https://www.bls.gov/ooh/community-and-social-service/social-and-human-service-assistants.htm
Administrative Clerk,,https://www.bls.gov/ooh/office-and-administrative-support/general-office-clerks.htm
Administrative Court Justice,Slower than average,https://www.bls.gov/ooh/legal/judges-and-hearing-officers.htm
Administrative services and facilities managers,,https://www.bls.gov/ooh/management/administrative-services-managers.htm
Admiral,,https://www.bls.gov/ooh/management/top-executives.htm
Admissions Counselor,,https://www.bls.gov/ooh/community-and-social-service/school-and-career-counselors.htm
Admitting Interviewer,,https://www.bls.gov/ooh/office-and-administrative-support/information-clerks.htm
Adobe Layer,Slower than average,https://www.bls.gov/ooh/construction-and-extraction/brickmasons-blockmasons-and-stonemasons.htm
Adobe Layer Helper,Faster than average,https://www.bls.gov/ooh/construction-and-extraction/construction-laborers-and-helpers.htm
Adult basic and secondary education and ESL teachers,,https://www.bls.gov/ooh/education-training-and-library/adult-literacy-and-ged-teachers.htm
Adult ESL Teacher Aide,,https://www.bls.gov/ooh/education-training-and-library/teacher-assistants.htm
Adult Protective Service Social Worker,Faster than average,https://www.bls.gov/ooh/community-and-social-service/social-workers.htm
"Advertising, promotions, and marketing managers",Faster than average,https://www.bls.gov/ooh/management/advertising-promotions-and-marketing-managers.htm
Advertising Account Executive,,https://www.bls.gov/ooh/sales/advertising-sales-agents.htm
Advertising Analyst,Faster than average,https://www.bls.gov/ooh/business-and-financial/market-research-analysts.htm
Advertising Copywriter,,https://www.bls.gov/ooh/media-and-communication/writers-and-authors.htm
Advertising Editor,Slower than average,https://www.bls.gov/ooh/media-and-communication/editors.htm
Advertising Photographer,Slower than average,https://www.bls.gov/ooh/media-and-communication/photographers.htm
Aerial Crop Duster,,https://www.bls.gov/ooh/transportation-and-material-moving/airline-and-commercial-pilots.htm
Aerobics Instructor,Faster than average,https://www.bls.gov/ooh/personal-care-and-service/fitness-trainers-and-instructors.htm
Aerodynamics Engineer,Faster than average,https://www.bls.gov/ooh/architecture-and-engineering/aerospace-engineers.htm
Aeronautical Drafter,Little or no change,https://www.bls.gov/ooh/architecture-and-engineering/drafters.htm
Aerospace Engineering and Operations Technologist,Faster than average,https://www.bls.gov/ooh/architecture-and-engineering/aerospace-engineering-and-operations-technicians.htm
Aerospace Products Sales Engineer,Faster than average,https://www.bls.gov/ooh/sales/sales-engineers.htm
Agency Legal Counsel,,https://www.bls.gov/ooh/legal/lawyers.htm
Agricultural and food science technicians,Faster than average,https://www.bls.gov/ooh/life-physical-and-social-science/agricultural-and-food-science-technicians.htm
Agricultural and food scientists,Faster than average,https://www.bls.gov/ooh/life-physical-and-social-science/agricultural-and-food-scientists.htm
Agricultural Chemist,Faster than average,https://www.bls.gov/ooh/life-physical-and-social-science/chemists-and-materials-scientists.htm
Agricultural Crop Farm Manager,,https://www.bls.gov/ooh/management/farmers-ranchers-and-other-agricultural-managers.htm
Agricultural Economist,Slower than average,https://www.bls.gov/ooh/life-physical-and-social-science/economists.htm
Agricultural Engineer,Faster than average,https://www.bls.gov/ooh/architecture-and-engineering/agricultural-engineers.htm
Agricultural Equipment Mechanic,Faster than average,https://www.bls.gov/ooh/installation-maintenance-and-repair/heavy-vehicle-and-mobile-equipment-service-technicians.htm
Agricultural Real Estate Agent,,https://www.bls.gov/ooh/sales/real-estate-brokers-and-sales-agents.htm
Agricultural Research Director,,https://www.bls.gov/ooh/management/natural-sciences-managers.htm
Agricultural workers,,https://www.bls.gov/ooh/farming-fishing-and-forestry/agricultural-workers.htm
Air Analysis Engineering Technician,Slower than average,https://www.bls.gov/ooh/architecture-and-engineering/environmental-engineering-technicians.htm
Air Bag Builder,,https://www.bls.gov/ooh/production/assemblers-and-fabricators.htm
Air Conditioning Service Technician,Faster than average,https://www.bls.gov/ooh/installation-maintenance-and-repair/heating-air-conditioning-and-refrigeration-mechanics-and-installers.htm
Air Conditioning Sheet Metal Installer,Slower than average,https://www.bls.gov/ooh/construction-and-extraction/sheet-metal-workers.htm
Aircraft Cleaner,,https://www.bls.gov/ooh/transportation-and-material-moving/hand-laborers-and-material-movers.htm
Aircraft Painter,Slower than average,https://www.bls.gov/ooh/production/painting-and-coating-workers.htm
Airline Flight Attendant,Faster than average,https://www.bls.gov/ooh/transportation-and-material-moving/flight-attendants.htm
Air Pollution Compliance Inspector,,https://www.bls.gov/ooh/business-and-financial/compliance-officers.htm
Air Pollution Control Engineer,,https://www.bls.gov/ooh/architecture-and-engineering/environmental-engineers.htm
Airport Apron Bus Driver,Faster than average,https://www.bls.gov/ooh/transportation-and-material-moving/taxi-drivers-and-chauffeurs.htm
Airport Manager,Faster than average,https://www.bls.gov/ooh/management/transportation-storage-and-distribution-managers.htm
Airport Tower Controller,Slower than average,https://www.bls.gov/ooh/transportation-and-material-moving/air-traffic-controllers.htm
Air Quality Technician,,https://www.bls.gov/ooh/life-physical-and-social-science/environmental-science-and-protection-technicians.htm
Airset Caster,,https://www.bls.gov/ooh/production/metal-and-plastic-machine-workers.htm
Algebraist,Faster than average,https://www.bls.gov/ooh/math/mathematicians-and-statisticians.htm
Algebra Tutor,Slower than average,https://www.bls.gov/ooh/education-training-and-library/tutors.htm
Alligator Hunter,,https://www.bls.gov/ooh/farming-fishing-and-forestry/fishers-and-related-fishing-workers.htm
All Terrain Vehicle Technician,,https://www.bls.gov/ooh/installation-maintenance-and-repair/small-engine-mechanics.htm
Almond Paste Mixer,Faster than average,https://www.bls.gov/ooh/production/food-and-tobacco-processing-workers.htm
Alternative Dispute Resolution Coordinator,,https://www.bls.gov/ooh/legal/arbitrators-mediators-and-conciliators.htm
Aluminum Welder,Slower than average,https://www.bls.gov/ooh/production/welders-cutters-solderers-and-brazers.htm
Ambulance Driver-Paramedic,Faster than average,https://www.bls.gov/ooh/healthcare/emts-and-paramedics.htm
American Board Certified Orthotist,Faster than average,https://www.bls.gov/ooh/healthcare/orthotists-and-prosthetists.htm
American Sign Language Interpreter,Slower than average,https://www.bls.gov/ooh/media-and-communication/interpreters-and-translators.htm
Ampoule Examiner,Little or no change,https://www.bls.gov/ooh/production/quality-control-inspectors.htm
Amusement Park Manager,Faster than average,https://www.bls.gov/ooh/management/entertainment-and-recreation-managers.htm
Anesthesiologist Assistant,Faster than average,https://www.bls.gov/ooh/healthcare/physician-assistants.htm
Angle Dozer Operator,,https://www.bls.gov/ooh/construction-and-extraction/construction-equipment-operators.htm
Animal care and service workers,Faster than average,https://www.bls.gov/ooh/personal-care-and-service/animal-care-and-service-workers.htm
Animal Pathologist,Faster than average,https://www.bls.gov/ooh/healthcare/veterinarians.htm
Announcers and DJs,,https://www.bls.gov/ooh/media-and-communication/announcers.htm
Antenna Engineer,Faster than average,https://www.bls.gov/ooh/architecture-and-engineering/electrical-and-electronics-engineers.htm
Anthropologist,,https://www.bls.gov/ooh/life-physical-and-social-science/anthropologists-and-archeologists.htm
Apartment Manager,,https://www.bls.gov/ooh/management/property-real-estate-and-community-association-managers.htm
Apothecary,Faster than average,https://www.bls.gov/ooh/healthcare/pharmacists.htm
Apparel Designer,Slower than average,https://www.bls.gov/ooh/arts-and-design/fashion-designers.htm
Appliance Parts Counter Clerk,Little or no change,https://www.bls.gov/ooh/sales/retail-sales-workers.htm
Application Development Director,Faster than average,https://www.bls.gov/ooh/management/computer-and-information-systems-managers.htm
Application Integration Engineer,Faster than average,https://www.bls.gov/ooh/computer-and-information-technology/software-developers.htm
Applications Analyst,Faster than average,https://www.bls.gov/ooh/computer-and-information-technology/computer-systems-analysts.htm
Applications Programmer,,https://www.bls.gov/ooh/computer-and-information-technology/computer-programmers.htm
Applied Exercise Physiologist,Faster than average,https://www.bls.gov/ooh/healthcare/exercise-physiologists.htm
Appointment Clerk,Little or no change,https://www.bls.gov/ooh/office-and-administrative-support/receptionists.htm
Aquatic Biologist,Slower than average,https://www.bls.gov/ooh/life-physical-and-social-science/zoologists-and-wildlife-biologists.htm
Arch-Support Maker,,https://www.bls.gov/ooh/production/dental-and-ophthalmic-laboratory-technicians-and-medical-appliance-technicians.htm
Architects,,https://www.bls.gov/ooh/architecture-and-engineering/architects.htm
Architectural and engineering managers,,https://www.bls.gov/ooh/management/architectural-and-engineering-managers.htm
Architectural Drafting Instructor,,https://www.bls.gov/ooh/education-training-and-library/career-and-technical-education-teachers.htm
Architectural Engineer,Faster than average,https://www.bls.gov/ooh/architecture-and-engineering/civil-engineers.htm
Architectural Inspector,,https://www.bls.gov/ooh/construction-and-extraction/construction-and-building-inspectors.htm
"Archivists, curators, and museum workers",Faster than average,https://www.bls.gov/ooh/education-training-and-library/curators-museum-technicians-and-conservators.htm
Armed Guard,Little or no change,https://www.bls.gov/ooh/protective-service/security-guards.htm
Arson Investigator,Faster than average,https://www.bls.gov/ooh/protective-service/fire-inspectors-and-investigators.htm
Art directors,,https://www.bls.gov/ooh/arts-and-design/art-directors.htm
Artist's Model,,https://www.bls.gov/ooh/sales/models.htm
Asbestos Abatement Worker,Slower than average,https://www.bls.gov/ooh/construction-and-extraction/hazardous-materials-removal-workers.htm
Ash Conveyor Operator,Slower than average,https://www.bls.gov/ooh/transportation-and-material-moving/material-moving-machine-operators.htm
Assayer,,https://www.bls.gov/ooh/life-physical-and-social-science/chemical-technicians.htm
Assembly Instructions Writer,Slower than average,https://www.bls.gov/ooh/media-and-communication/technical-writers.htm
Assistant Paralegal,Little or no change,https://www.bls.gov/ooh/legal/paralegals-and-legal-assistants.htm
Astrophysicist,,https://www.bls.gov/ooh/life-physical-and-social-science/physicists-and-astronomers.htm
Athletes and sports competitors,Faster than average,https://www.bls.gov/ooh/entertainment-and-sports/athletes-and-sports-competitors.htm
Athletic Coach,Faster than average,https://www.bls.gov/ooh/entertainment-and-sports/coaches-and-scouts.htm
Athletic Events Scorer,Faster than average,https://www.bls.gov/ooh/entertainment-and-sports/umpires-referees-and-other-sports-officials.htm
Athletic trainers,Faster than average,https://www.bls.gov/ooh/healthcare/athletic-trainers.htm
Atmospheric Chemist,Slower than average,https://www.bls.gov/ooh/life-physical-and-social-science/atmospheric-scientists-including-meteorologists.htm
Atomic Process Engineer,,https://www.bls.gov/ooh/architecture-and-engineering/nuclear-engineers.htm
Audio-Visual Production Specialist,Slower than average,https://www.bls.gov/ooh/media-and-communication/broadcast-and-sound-engineering-technicians.htm
Audiologists,Faster than average,https://www.bls.gov/ooh/healthcare/audiologists.htm
Au Pair,,https://www.bls.gov/ooh/personal-care-and-service/childcare-workers.htm
Auto Body Customizer,Slower than average,https://www.bls.gov/ooh/installation-maintenance-and-repair/automotive-body-and-glass-repairers.htm
Auto Carrier Driver,,https://www.bls.gov/ooh/transportation-and-material-moving/heavy-and-tractor-trailer-truck-drivers.htm
Auto Clutch Rebuilder,,https://www.bls.gov/ooh/installation-maintenance-and-repair/automotive-service-technicians-and-mechanics.htm
Auto Damage Appraiser,,https://www.bls.gov/ooh/business-and-financial/claims-adjusters-appraisers-examiners-and-investigators.htm
Automatic Data Processing Planner,,https://www.bls.gov/ooh/computer-and-information-technology/database-administrators.htm
Automobile and Property Underwriter,,https://www.bls.gov/ooh/business-and-financial/insurance-underwriters.htm
Automobile Designer,,https://www.bls.gov/ooh/arts-and-design/industrial-designers.htm
Automotive Machinist,,https://www.bls.gov/ooh/production/machinists-and-tool-and-die-makers.htm
Automotive Sheet Metal Engineer,Faster than average,https://www.bls.gov/ooh/architecture-and-engineering/materials-engineers.htm
Autopsy Assistant,Faster than average,https://www.bls.gov/ooh/healthcare/medical-assistants.htm
Auto Research Engineer,Faster than average,https://www.bls.gov/ooh/architecture-and-engineering/mechanical-engineers.htm
Auto Travel Counselor,Slower than average,https://www.bls.gov/ooh/sales/travel-agents.htm
Backup Sawyer,,https://www.bls.gov/ooh/production/woodworkers.htm
Bacteriologist,,https://www.bls.gov/ooh/life-physical-and-social-science/microbiologists.htm
Bacteriology Technician,,https://www.bls.gov/ooh/life-physical-and-social-science/biological-technicians.htm
Bagel Maker,Faster than average,https://www.bls.gov/ooh/production/bakers.htm
Bag Machine Adjuster,Faster than average,https://www.bls.gov/ooh/installation-maintenance-and-repair/industrial-machinery-mechanics-and-maintenance-workers-and-millwrights.htm
Ballerina,Faster than average,https://www.bls.gov/ooh/entertainment-and-sports/dancers-and-choreographers.htm
Ballistician,Faster than average,https://www.bls.gov/ooh/life-physical-and-social-science/forensic-science-technicians.htm
Bank Branch Manager,Faster than average,https://www.bls.gov/ooh/management/financial-managers.htm
Bank Compliance Officer,Faster than average,https://www.bls.gov/ooh/business-and-financial/financial-examiners.htm
Banking Services Clerk,,https://www.bls.gov/ooh/office-and-administrative-support/financial-clerks.htm
Bank Teller,,https://www.bls.gov/ooh/office-and-administrative-support/tellers.htm
Banquet Chef,Faster than average,https://www.bls.gov/ooh/food-preparation-and-serving/chefs-and-head-cooks.htm
Banquet Cook,Faster than average,https://www.bls.gov/ooh/food-preparation-and-serving/cooks.htm
Banquet Director,Faster than average,https://www.bls.gov/ooh/management/food-service-managers.htm
Banquet Set Up Person,Faster than average,https://www.bls.gov/ooh/food-preparation-and-serving/food-and-beverage-serving-and-related-workers.htm
Barber Apprentice,Faster than average,https://www.bls.gov/ooh/personal-care-and-service/barbers-hairstylists-and-cosmetologists.htm
Barkeep,Faster than average,https://www.bls.gov/ooh/food-preparation-and-serving/bartenders.htm
Beam Builder,,https://www.bls.gov/ooh/construction-and-extraction/carpenters.htm
Bean Weigher,,https://www.bls.gov/ooh/office-and-administrative-support/material-recording-clerks.htm
Bed and Breakfast Innkeeper,,https://www.bls.gov/ooh/management/lodging-managers.htm
Behavioral Health Technician,Faster than average,https://www.bls.gov/ooh/healthcare/psychiatric-technicians-and-aides.htm
Benefits Analyst,Faster than average,https://www.bls.gov/ooh/business-and-financial/compensation-benefits-and-job-analysis-specialists.htm
Bio-Mechanical Engineer,Faster than average,https://www.bls.gov/ooh/architecture-and-engineering/biomedical-engineers.htm
Biochemist,Faster than average,https://www.bls.gov/ooh/life-physical-and-social-science/biochemists-and-biophysicists.htm
Biochemistry Technologist,Slower than average,https://www.bls.gov/ooh/healthcare/clinical-laboratory-technologists-and-technicians.htm
Biodiesel Engine Specialist,Slower than average,https://www.bls.gov/ooh/installation-maintenance-and-repair/diesel-service-technicians-and-mechanics.htm
Biogeographer,,https://www.bls.gov/ooh/life-physical-and-social-science/geographers.htm
Biomedical Electronics Technician,Faster than average,https://www.bls.gov/ooh/installation-maintenance-and-repair/medical-equipment-repairers.htm
Blind Aide,Faster than average,https://www.bls.gov/ooh/healthcare/home-health-aides-and-personal-care-aides.htm
Bobtailer,Faster than average,https://www.bls.gov/ooh/transportation-and-material-moving/delivery-truck-drivers-and-driver-sales-workers.htm
Boiler Coverer,,https://www.bls.gov/ooh/construction-and-extraction/insulation-workers.htm
Boiler Engineer,Slower than average,https://www.bls.gov/ooh/production/stationary-engineers-and-boiler-operators.htm
Boiler Fitter,,https://www.bls.gov/ooh/construction-and-extraction/boilermakers.htm
Book Critic,,https://www.bls.gov/ooh/media-and-communication/reporters-correspondents-and-broadcast-news-analysts.htm
Book Illustrator,Little or no change,https://www.bls.gov/ooh/arts-and-design/craft-and-fine-artists.htm
Book Sorter,,https://www.bls.gov/ooh/education-training-and-library/library-technicians-and-assistants.htm
Border Guard,,https://www.bls.gov/ooh/protective-service/police-and-detectives.htm
Bottling Equipment Sales Representative,Slower than average,https://www.bls.gov/ooh/sales/wholesale-and-manufacturing-sales-representatives.htm
Branch Lending Officer,Slower than average,https://www.bls.gov/ooh/business-and-financial/loan-officers.htm
Bridge Ironworker,,https://www.bls.gov/ooh/construction-and-extraction/structural-iron-and-steel-workers.htm
Bridge Painter,,https://www.bls.gov/ooh/construction-and-extraction/painters-construction-and-maintenance.htm
Broadcast Producer,Faster than average,https://www.bls.gov/ooh/entertainment-and-sports/producers-and-directors.htm
Budget Analyst,Slower than average,https://www.bls.gov/ooh/business-and-financial/budget-analysts.htm
Building Custodian,Slower than average,https://www.bls.gov/ooh/building-and-grounds-cleaning/janitors-and-building-cleaners.htm
Building Maintenance Mechanic,,https://www.bls.gov/ooh/installation-maintenance-and-repair/general-maintenance-and-repair-workers.htm
Bulk Mail Clerk,,https://www.bls.gov/ooh/office-and-administrative-support/postal-service-workers.htm
Bus drivers,Slower than average,https://www.bls.gov/ooh/transportation-and-material-moving/bus-drivers.htm
Business Analyst,Faster than average,https://www.bls.gov/ooh/business-and-financial/management-analysts.htm
Business Intelligence Developer,Faster than average,https://www.bls.gov/ooh/math/data-scientists.htm
Butcher Apprentice,Slower than average,https://www.bls.gov/ooh/production/butchers-and-meat-cutters.htm
Nursing assistants and orderlies,Slower than average,https://www.bls.gov/ooh/healthcare/nursing-assistants.htm
Cable Television Installer,,https://www.bls.gov/ooh/installation-maintenance-and-repair/telecommunications-equipment-installers-and-repairers-except-line-installers.htm
Cadastral Mapper,Faster than average,https://www.bls.gov/ooh/architecture-and-engineering/cartographers-and-photogrammetrists.htm
Calibration Technician,Faster than average,https://www.bls.gov/ooh/installation-maintenance-and-repair/calibration-technologists-and-technicians.htm
Campaign Fundraiser,,https://www.bls.gov/ooh/business-and-financial/fundraisers.htm
Camp Counselor,,https://www.bls.gov/ooh/personal-care-and-service/recreation-workers.htm
Cancer Registrar,Faster than average,https://www.bls.gov/ooh/healthcare/health-information-technologists-and-medical-registrars.htm
Cancer Researcher,Faster than average,https://www.bls.gov/ooh/life-physical-and-social-science/medical-scientists.htm
Cardiac/Vascular Sonographer,Faster than average,https://www.bls.gov/ooh/healthcare/diagnostic-medical-sonographers.htm
Cardiac Catheterization Laboratory Technologist,,https://www.bls.gov/ooh/healthcare/cardiovascular-technologists-and-technicians.htm
Cardiopulmonary Physical Therapist,Faster than average,https://www.bls.gov/ooh/healthcare/physical-therapists.htm
Carpet Layer,Faster than average,https://www.bls.gov/ooh/construction-and-extraction/tile-and-marble-setters.htm
Cartographic Aide,Faster than average,https://www.bls.gov/ooh/architecture-and-engineering/surveying-and-mapping-technicians.htm
Cashiers,,https://www.bls.gov/ooh/sales/cashiers.htm
Cattle Buyer,Faster than average,https://www.bls.gov/ooh/business-and-financial/purchasing-managers-buyers-and-purchasing-agents.htm
CCU Nurse,Faster than average,https://www.bls.gov/ooh/healthcare/registered-nurses.htm
Certified Dental Assistant,Faster than average,https://www.bls.gov/ooh/healthcare/dental-assistants.htm
Certified Detention Deputy,,https://www.bls.gov/ooh/protective-service/correctional-officers.htm
Certified Diabetes Educator,,https://www.bls.gov/ooh/community-and-social-service/health-educators.htm
Certified Financial Planner,Faster than average,https://www.bls.gov/ooh/business-and-financial/personal-financial-advisors.htm
Certified Genetic Counselor,Faster than average,https://www.bls.gov/ooh/healthcare/genetic-counselors.htm
Certified Industrial Hygienist,Faster than average,https://www.bls.gov/ooh/healthcare/occupational-health-and-safety-specialists-and-technicians.htm
Certified Kitchen Designer,,https://www.bls.gov/ooh/arts-and-design/interior-designers.htm
Certified Legal Investigator,Faster than average,https://www.bls.gov/ooh/protective-service/private-detectives-and-investigators.htm
Certified Medical Dosimetrist,,https://www.bls.gov/ooh/healthcare/medical-dosimetrists.htm
Certified Medical Transcriptionist,,https://www.bls.gov/ooh/healthcare/medical-transcriptionists.htm
Certified Meeting Professional,Faster than average,https://www.bls.gov/ooh/business-and-financial/meeting-convention-and-event-planners.htm
Certified Mortician,,https://www.bls.gov/ooh/personal-care-and-service/funeral-service-occupations.htm
Certified Nuclear Medicine Technologist,,https://www.bls.gov/ooh/healthcare/nuclear-medicine-technologists.htm
Certified Occupational Rehabilitation Aide,Faster than average,https://www.bls.gov/ooh/healthcare/occupational-therapy-assistants-and-aides.htm
Certified Optician,,https://www.bls.gov/ooh/healthcare/opticians-dispensing.htm
Certified Pesticide Applicator,,https://www.bls.gov/ooh/building-and-grounds-cleaning/grounds-maintenance-workers.htm
Certified Pharmacy Technician,Faster than average,https://www.bls.gov/ooh/healthcare/pharmacy-technicians.htm
Certified Phlebotomy Technician,Faster than average,https://www.bls.gov/ooh/healthcare/phlebotomists.htm
Certified Recreational Therapist,,https://www.bls.gov/ooh/healthcare/recreational-therapists.htm
Certified Rehabilitation Counselor,Slower than average,https://www.bls.gov/ooh/community-and-social-service/rehabilitation-counselors.htm
Certified Respiratory Therapist,Faster than average,https://www.bls.gov/ooh/healthcare/respiratory-therapists.htm
Certified Surgical Technologist,Faster than average,https://www.bls.gov/ooh/healthcare/surgical-technologists.htm
Certified Veterinary Technician,Faster than average,https://www.bls.gov/ooh/healthcare/veterinary-technologists-and-technicians.htm
Chief Electrician,Faster than average,https://www.bls.gov/ooh/construction-and-extraction/electricians.htm
Chief Medical Information Officer,Faster than average,https://www.bls.gov/ooh/management/medical-and-health-services-managers.htm
Child and Family Counselor,Faster than average,https://www.bls.gov/ooh/community-and-social-service/marriage-and-family-therapists.htm
Childcare Center Administrator,,https://www.bls.gov/ooh/management/preschool-and-childcare-center-directors.htm
Child Welfare Director,Faster than average,https://www.bls.gov/ooh/management/social-and-community-service-managers.htm
Chiropodist,Slower than average,https://www.bls.gov/ooh/healthcare/podiatrists.htm
Chiropractic Doctor,Faster than average,https://www.bls.gov/ooh/healthcare/chiropractors.htm
Choir Director,Little or no change,https://www.bls.gov/ooh/entertainment-and-sports/music-directors-and-composers.htm
Community health workers,Faster than average,https://www.bls.gov/ooh/community-and-social-service/community-health-workers.htm
City Collector,,https://www.bls.gov/ooh/business-and-financial/tax-examiners-and-collectors-and-revenue-agents.htm
City Planner,,https://www.bls.gov/ooh/life-physical-and-social-science/urban-and-regional-planners.htm
City Surveyor,,https://www.bls.gov/ooh/architecture-and-engineering/surveyors.htm
Civil Engineering Technician,Slower than average,https://www.bls.gov/ooh/architecture-and-engineering/civil-engineering-technicians.htm
Clean Room Technician,Faster than average,https://www.bls.gov/ooh/production/semiconductor-processing-technicians.htm
Clinical Dietitian,Faster than average,https://www.bls.gov/ooh/healthcare/dietitians-and-nutritionists.htm
Clinical Epidemiologist,Faster than average,https://www.bls.gov/ooh/life-physical-and-social-science/epidemiologists.htm
Clinical Rehabilitation Aide,Faster than average,https://www.bls.gov/ooh/healthcare/physical-therapist-assistants-and-aides.htm
Coal Tram Driver,Slower than average,https://www.bls.gov/ooh/transportation-and-material-moving/railroad-occupations.htm
Cocktail Server,,https://www.bls.gov/ooh/food-preparation-and-serving/waiters-and-waitresses.htm
Combination Slasher-Loader Operator,,https://www.bls.gov/ooh/farming-fishing-and-forestry/logging-workers.htm
Commodities Broker,,https://www.bls.gov/ooh/sales/securities-commodities-and-financial-services-sales-agents.htm
Communication Manager,Faster than average,https://www.bls.gov/ooh/management/public-relations-managers.htm
Compensation and benefits managers,Little or no change,https://www.bls.gov/ooh/management/compensation-and-benefits-managers.htm
Complaint Clerk,,https://www.bls.gov/ooh/office-and-administrative-support/customer-service-representatives.htm
Composition Roofer,Faster than average,https://www.bls.gov/ooh/construction-and-extraction/roofers.htm
Computational Theory Scientist,Faster than average,https://www.bls.gov/ooh/computer-and-information-technology/computer-and-information-research-scientists.htm
Computed Axial Tomography Technologist,Faster than average,https://www.bls.gov/ooh/healthcare/radiologic-technologists.htm
Computer Customer Support Specialist,,https://www.bls.gov/ooh/computer-and-information-technology/computer-support-specialists.htm
Computer Hardware Designer,Faster than average,https://www.bls.gov/ooh/architecture-and-engineering/computer-hardware-engineers.htm
Computer network architects,Faster than average,https://www.bls.gov/ooh/computer-and-information-technology/computer-network-architects.htm
Computer Security Specialist,Faster than average,https://www.bls.gov/ooh/computer-and-information-technology/information-security-analysts.htm
Computer Software Training Specialist,Faster than average,https://www.bls.gov/ooh/business-and-financial/training-and-development-specialists.htm
Conservation Science Officer,,https://www.bls.gov/ooh/life-physical-and-social-science/conservation-scientists.htm
Construction Coordinator,Faster than average,https://www.bls.gov/ooh/management/construction-managers.htm
Construction Estimator,,https://www.bls.gov/ooh/business-and-financial/cost-estimators.htm
Continuing Education Director,Slower than average,https://www.bls.gov/ooh/management/postsecondary-education-administrators.htm
Corporate Financial Analyst,Faster than average,https://www.bls.gov/ooh/business-and-financial/financial-analysts.htm
Corporate Recruiter,Faster than average,https://www.bls.gov/ooh/business-and-financial/human-resources-specialists.htm
Correctional Treatment Specialist,,https://www.bls.gov/ooh/community-and-social-service/probation-officers-and-correctional-treatment-specialists.htm
Corsage Maker,,https://www.bls.gov/ooh/arts-and-design/floral-designers.htm
Court Recording Monitor,Little or no change,https://www.bls.gov/ooh/legal/court-reporters.htm
Credit Counselor,,https://www.bls.gov/ooh/business-and-financial/credit-counselors.htm
Criminologist,,https://www.bls.gov/ooh/life-physical-and-social-science/sociologists.htm
Crude Tester,Slower than average,https://www.bls.gov/ooh/life-physical-and-social-science/geological-and-petroleum-technicians.htm
Cruise Director,Faster than average,https://www.bls.gov/ooh/personal-care-and-service/tour-and-travel-guides.htm
Crystallographer,,https://www.bls.gov/ooh/life-physical-and-social-science/geoscientists.htm
Cue Selector,,https://www.bls.gov/ooh/media-and-communication/film-and-video-editors-and-camera-operators.htm
Curriculum and Assessment Director,Slower than average,https://www.bls.gov/ooh/education-training-and-library/instructional-coordinators.htm
Deep Tissue Massage Therapist,Faster than average,https://www.bls.gov/ooh/healthcare/massage-therapists.htm
Deli Clerk,,https://www.bls.gov/ooh/food-preparation-and-serving/food-preparation-workers.htm
Dental hygienists,Faster than average,https://www.bls.gov/ooh/healthcare/dental-hygienists.htm
Dental Surgeon,,https://www.bls.gov/ooh/healthcare/dentists.htm
Derrick Operator,Slower than average,https://www.bls.gov/ooh/construction-and-extraction/oil-and-gas-workers.htm
Design Project Management Specialists,Faster than average,https://www.bls.gov/ooh/business-and-financial/project-management-specialists.htm
Desktop publishers,,https://www.bls.gov/ooh/office-and-administrative-support/desktop-publishers.htm
Developmental Psychologist,Faster than average,https://www.bls.gov/ooh/life-physical-and-social-science/psychologists.htm
Diamond Grader,,https://www.bls.gov/ooh/production/jewelers-and-precious-stone-and-metal-workers.htm
Digital Designer,Faster than average,https://www.bls.gov/ooh/computer-and-information-technology/web-developers.htm
Director of Civil Defense,,https://www.bls.gov/ooh/management/emergency-management-directors.htm
District Sales Manager,Faster than average,https://www.bls.gov/ooh/management/sales-managers.htm
Doctor of Optometry,Faster than average,https://www.bls.gov/ooh/healthcare/optometrists.htm
E-Learning Manager,Faster than average,https://www.bls.gov/ooh/management/training-and-development-managers.htm
Early Childhood Special Education Teacher,,https://www.bls.gov/ooh/education-training-and-library/special-education-teachers.htm
Early Childhood Teacher,,https://www.bls.gov/ooh/education-training-and-library/preschool-teachers.htm
Ecological Modeler,,https://www.bls.gov/ooh/life-physical-and-social-science/environmental-scientists-and-specialists.htm
Efficiency Engineer,Faster than average,https://www.bls.gov/ooh/architecture-and-engineering/industrial-engineers.htm
Electo-Mechanical and Mechatronics Technologist,Slower than average,https://www.bls.gov/ooh/architecture-and-engineering/electro-mechanical-technicians.htm
Electrical and Electronic Engineering Technologist,Slower than average,https://www.bls.gov/ooh/architecture-and-engineering/electrical-and-electronics-engineering-technicians.htm
Electrical High Tension Tester,Faster than average,https://www.bls.gov/ooh/installation-maintenance-and-repair/line-installers-and-repairers.htm
Electrolysis Needle Operator,Faster than average,https://www.bls.gov/ooh/personal-care-and-service/skincare-specialists.htm
"Elementary, middle, and high school principals",,https://www.bls.gov/ooh/management/elementary-middle-and-high-school-principals.htm
Elevator Adjuster,Faster than average,https://www.bls.gov/ooh/construction-and-extraction/elevator-installers-and-repairers.htm
Employee Relations Manager,Faster than average,https://www.bls.gov/ooh/management/human-resources-managers.htm
Employee Relations Specialist,Little or no change,https://www.bls.gov/ooh/business-and-financial/labor-relations-specialists.htm
Environmental Communications Specialist,Faster than average,https://www.bls.gov/ooh/media-and-communication/public-relations-specialists.htm
Estate Appraiser,,https://www.bls.gov/ooh/business-and-financial/appraisers-and-assessors-of-real-estate.htm
Exterminator,Faster than average,https://www.bls.gov/ooh/building-and-grounds-cleaning/pest-control-workers.htm
Fingernail Sculptor,Faster than average,https://www.bls.gov/ooh/personal-care-and-service/manicurists-and-pedicurists.htm
Fire Engine Pump Operator,,https://www.bls.gov/ooh/protective-service/firefighters.htm
Fire Prevention Engineer,,https://www.bls.gov/ooh/architecture-and-engineering/health-and-safety-engineers.htm
Fire Sprinkler Installer,,https://www.bls.gov/ooh/construction-and-extraction/plumbers-pipefitters-and-steamfitters.htm
Forest and conservation workers,,https://www.bls.gov/ooh/farming-fishing-and-forestry/forest-and-conservation-workers.htm
Genealogist,Slower than average,https://www.bls.gov/ooh/life-physical-and-social-science/historians.htm
Geophysical Engineer,Slower than average,https://www.bls.gov/ooh/architecture-and-engineering/mining-and-geological-engineers.htm
Glaziers,,https://www.bls.gov/ooh/construction-and-extraction/glaziers.htm
Golf Course Architect,,https://www.bls.gov/ooh/architecture-and-engineering/landscape-architects.htm
Government Affairs Researcher,,https://www.bls.gov/ooh/life-physical-and-social-science/political-scientists.htm
Graphic Artist,Slower than average,https://www.bls.gov/ooh/arts-and-design/graphic-designers.htm
Gyroscopic Engineering Technician,Little or no change,https://www.bls.gov/ooh/architecture-and-engineering/mechanical-engineering-technicians.htm
Health Information Coder,Faster than average,https://www.bls.gov/ooh/healthcare/medical-records-and-health-information-technicians.htm
Health Insurance Sales Agent,,https://www.bls.gov/ooh/sales/insurance-sales-agents.htm
High School Algebra Teacher,,https://www.bls.gov/ooh/education-training-and-library/high-school-teachers.htm
Hydroelectric Plant Operator,,https://www.bls.gov/ooh/production/power-plant-operators-distributors-and-dispatchers.htm
Hydrogeologist,Little or no change,https://www.bls.gov/ooh/life-physical-and-social-science/hydrologists.htm
Industrial Engineering Technician,Slower than average,https://www.bls.gov/ooh/architecture-and-engineering/industrial-engineering-technicians.htm
Industrial Production Manager,Slower than average,https://www.bls.gov/ooh/management/industrial-production-managers.htm
Industrial Waste Treatment Technician,,https://www.bls.gov/ooh/production/water-and-wastewater-treatment-plant-and-system-operators.htm
Intermediate School Social Studies Teacher,,https://www.bls.gov/ooh/education-training-and-library/middle-school-teachers.htm
Laboratory Animal Caretaker,Faster than average,https://www.bls.gov/ooh/healthcare/veterinary-assistants-and-laboratory-animal-caretakers.htm
LAN Administrator,,https://www.bls.gov/ooh/computer-and-information-technology/network-and-computer-systems-administrators.htm
Language Pathologist,Faster than average,https://www.bls.gov/ooh/healthcare/speech-language-pathologists.htm
Licensed practical and licensed vocational nurses,,https://www.bls.gov/ooh/healthcare/licensed-practical-and-licensed-vocational-nurses.htm
Logistician,Faster than average,https://www.bls.gov/ooh/business-and-financial/logisticians.htm
Marine Architect,Faster than average,https://www.bls.gov/ooh/architecture-and-engineering/marine-engineers-and-naval-architects.htm
Military careers,,https://www.bls.gov/ooh/military/military-careers.htm
Natural Gas Engineer,Slower than average,https://www.bls.gov/ooh/architecture-and-engineering/petroleum-engineers.htm
Nuclear Monitoring Technician,,https://www.bls.gov/ooh/life-physical-and-social-science/nuclear-technicians.htm
Occupational Therapist,Faster than average,https://www.bls.gov/ooh/healthcare/occupational-therapists.htm
Operations Analyst,Faster than average,https://www.bls.gov/ooh/math/operations-research-analysts.htm
Photovoltaic (PV) Installation Technician,Faster than average,https://www.bls.gov/ooh/construction-and-extraction/solar-photovoltaic-installers.htm
Pollster,,https://www.bls.gov/ooh/life-physical-and-social-science/survey-researchers.htm
Radiation therapists,Slower than average,https://www.bls.gov/ooh/healthcare/radiation-therapists.htm
Scenic Designer,Slower than average,https://www.bls.gov/ooh/arts-and-design/set-and-exhibit-designers.htm
Wind Energy Mechanic,Faster than average,https://www.bls.gov/ooh/installation-maintenance-and-repair/wind-turbine-technicians.htm
